model,confidence_range,count,win_rate,avg_return_pct,total_return_pct,std_return_pct
Expert,0-50,5,0.0,-10.86368511565708,-54.31842557828541,1.7177861287214407
Expert,50-60,397,0.5768261964735516,2.833118835175739,1124.7481775647684,17.097531791451903
Expert,60-70,161,0.7080745341614907,6.632583943671054,1067.8460149310397,19.515233052519353
Expert,70-80,29,0.9310344827586207,14.211182283807085,412.12428623040546,9.101354909283186
Expert,80-100,28,1.0,15.331305743770889,429.2765608255849,4.599300700010075
Crowd,50-60,45,0.5333333333333333,1.280696856977775,57.631358563999875,14.620027598499522
Crowd,60-70,36,0.5833333333333334,2.5728174879477748,92.62142956611989,17.14563705179116
Crowd,70-80,62,0.6129032258064516,3.130175672550903,194.07089169815598,16.828862628207062
Crowd,80-100,477,0.7526205450733753,8.853809523557514,4223.267142736934,16.373685036182838
