symbol,search_date,prediction_date,days_diff,model_type,decision,confidence,predicted_sign,actual_sign,correct,weighted_score,crowd_count
ADBE,2024-03-14,2024-03-15,1,crowd_aggregate,down,100.0,-1,-1.0,1,100.0,26
ADBE,2024-03-14,2024-03-19,3,crowd_aggregate,down,100.0,-1,-1.0,1,100.0,26
ADBE,2024-03-14,2024-03-25,7,crowd_aggregate,up,60.9375,1,-1.0,0,-60.9375,26
ADBE,2024-03-14,2024-04-04,15,crowd_aggregate,up,89.31623931623932,1,-1.0,0,-89.31623931623932,26
ADBE,2024-03-14,2024-04-25,30,crowd_aggregate,up,96.7948717948718,1,-1.0,0,-96.7948717948718,26
ADBE,2024-06-13,2024-06-14,1,crowd_aggregate,up,100.0,1,1.0,1,100.0,26
ADBE,2024-06-13,2024-06-18,3,crowd_aggregate,up,100.0,1,1.0,1,100.0,26
ADBE,2024-06-13,2024-06-25,7,crowd_aggregate,up,100.0,1,1.0,1,100.0,26
ADBE,2024-06-13,2024-07-08,15,crowd_aggregate,up,100.0,1,1.0,1,100.0,26
ADBE,2024-06-13,2024-07-29,30,crowd_aggregate,up,100.0,1,1.0,1,100.0,26
ADBE,2024-12-11,2024-12-12,1,crowd_aggregate,down,100.0,-1,-1.0,1,100.0,26
ADBE,2024-12-11,2024-12-16,3,crowd_aggregate,down,100.0,-1,-1.0,1,100.0,26
ADBE,2024-12-11,2024-12-20,7,crowd_aggregate,down,85.33443856405025,-1,-1.0,1,85.33443856405025,26
ADBE,2024-12-11,2025-01-03,15,crowd_aggregate,up,62.108044218869495,1,-1.0,0,-62.108044218869495,26
ADBE,2024-12-11,2025-01-27,30,crowd_aggregate,up,83.67582101017861,1,-1.0,0,-83.67582101017861,26
ADBE,2025-03-12,2025-03-13,1,crowd_aggregate,down,100.0,-1,-1.0,1,100.0,26
ADBE,2025-03-12,2025-03-17,3,crowd_aggregate,down,84.96617389125532,-1,-1.0,1,84.96617389125532,26
ADBE,2025-03-12,2025-03-21,7,crowd_aggregate,up,66.8548175374114,1,-1.0,0,-66.8548175374114,26
ADBE,2025-03-12,2025-04-02,15,crowd_aggregate,up,86.48818501759679,1,-1.0,0,-86.48818501759679,26
ADBE,2025-03-12,2025-04-23,30,crowd_aggregate,up,94.11903081627852,1,-1.0,0,-94.11903081627852,26
AMD,2024-02-21,2024-02-22,1,crowd_aggregate,up,100.0,1,1.0,1,100.0,26
AMD,2024-02-21,2024-02-26,3,crowd_aggregate,up,100.0,1,1.0,1,100.0,26
AMD,2024-02-21,2024-03-01,7,crowd_aggregate,up,100.0,1,1.0,1,100.0,26
AMD,2024-02-21,2024-03-13,15,crowd_aggregate,up,100.0,1,1.0,1,100.0,26
AMD,2024-02-21,2024-04-03,30,crowd_aggregate,up,100.0,1,1.0,1,100.0,26
AMD,2024-07-16,2024-07-17,1,crowd_aggregate,up,100.0,1,-1.0,0,-100.0,26
AMD,2024-07-16,2024-07-19,3,crowd_aggregate,up,100.0,1,-1.0,0,-100.0,26
AMD,2024-07-16,2024-07-25,7,crowd_aggregate,up,100.0,1,-1.0,0,-100.0,26
AMD,2024-07-16,2024-08-06,15,crowd_aggregate,up,100.0,1,-1.0,0,-100.0,26
AMD,2024-07-16,2024-08-27,30,crowd_aggregate,up,100.0,1,-1.0,0,-100.0,26
AMD,2024-10-29,2024-10-30,1,crowd_aggregate,down,100.0,-1,-1.0,1,100.0,26
AMD,2024-10-29,2024-11-01,3,crowd_aggregate,down,85.02433545488582,-1,-1.0,1,85.02433545488582,26
AMD,2024-10-29,2024-11-07,7,crowd_aggregate,up,89.22906194921339,1,-1.0,0,-89.22906194921339,26
AMD,2024-10-29,2024-11-20,15,crowd_aggregate,up,100.0,1,-1.0,0,-100.0,26
AMD,2024-10-29,2024-12-12,30,crowd_aggregate,up,100.0,1,-1.0,0,-100.0,26
AMGN,2024-05-02,2024-05-03,1,crowd_aggregate,up,100.0,1,1.0,1,100.0,26
AMGN,2024-05-02,2024-05-07,3,crowd_aggregate,up,100.0,1,1.0,1,100.0,26
AMGN,2024-05-02,2024-05-13,7,crowd_aggregate,up,100.0,1,1.0,1,100.0,26
AMGN,2024-05-02,2024-05-23,15,crowd_aggregate,up,100.0,1,1.0,1,100.0,26
AMGN,2024-05-02,2024-06-14,30,crowd_aggregate,up,100.0,1,1.0,1,100.0,26
AVGO,2024-06-12,2024-06-13,1,crowd_aggregate,up,100.0,1,1.0,1,100.0,26
AVGO,2024-06-12,2024-06-17,3,crowd_aggregate,up,100.0,1,1.0,1,100.0,26
AVGO,2024-06-12,2024-06-24,7,crowd_aggregate,up,100.0,1,1.0,1,100.0,26
AVGO,2024-06-12,2024-07-05,15,crowd_aggregate,up,100.0,1,1.0,1,100.0,26
AVGO,2024-06-12,2024-07-26,30,crowd_aggregate,up,100.0,1,1.0,1,100.0,26
AVGO,2024-07-30,2024-07-31,1,crowd_aggregate,up,54.46551940710967,1,1.0,1,54.46551940710967,26
AVGO,2024-07-30,2024-08-02,3,crowd_aggregate,up,72.31621039680098,1,1.0,1,72.31621039680098,26
AVGO,2024-07-30,2024-08-08,7,crowd_aggregate,up,100.0,1,1.0,1,100.0,26
AVGO,2024-07-30,2024-08-20,15,crowd_aggregate,up,100.0,1,1.0,1,100.0,26
AVGO,2024-07-30,2024-09-11,30,crowd_aggregate,up,100.0,1,1.0,1,100.0,26
AVGO,2024-09-05,2024-09-06,1,crowd_aggregate,down,100.0,-1,-1.0,1,100.0,26
AVGO,2024-09-05,2024-09-10,3,crowd_aggregate,down,70.33114272953486,-1,-1.0,1,70.33114272953486,26
AVGO,2024-09-05,2024-09-16,7,crowd_aggregate,up,81.77601060304838,1,1.0,1,81.77601060304838,26
AVGO,2024-09-05,2024-09-26,15,crowd_aggregate,up,100.0,1,1.0,1,100.0,26
AVGO,2024-09-05,2024-10-18,30,crowd_aggregate,up,100.0,1,1.0,1,100.0,26
AVGO,2024-12-12,2024-12-13,1,crowd_aggregate,up,100.0,1,1.0,1,100.0,26
AVGO,2024-12-12,2024-12-17,3,crowd_aggregate,up,100.0,1,1.0,1,100.0,26
AVGO,2024-12-12,2024-12-23,7,crowd_aggregate,up,100.0,1,1.0,1,100.0,26
AVGO,2024-12-12,2025-01-06,15,crowd_aggregate,up,100.0,1,1.0,1,100.0,26
AVGO,2024-12-12,2025-01-28,30,crowd_aggregate,up,100.0,1,1.0,1,100.0,26
AVGO,2025-04-02,2025-04-03,1,crowd_aggregate,up,100.0,1,-1.0,0,-100.0,26
AVGO,2025-04-02,2025-04-07,3,crowd_aggregate,up,100.0,1,-1.0,0,-100.0,26
AVGO,2025-04-02,2025-04-11,7,crowd_aggregate,up,100.0,1,1.0,1,100.0,26
AVGO,2025-04-02,2025-04-23,15,crowd_aggregate,up,100.0,1,1.0,1,100.0,26
AVGO,2025-04-02,2025-05-14,30,crowd_aggregate,up,100.0,1,1.0,1,100.0,26
AVGO,2025-04-08,2025-04-09,1,crowd_aggregate,up,100.0,1,1.0,1,100.0,26
AVGO,2025-04-08,2025-04-11,3,crowd_aggregate,up,100.0,1,1.0,1,100.0,26
AVGO,2025-04-08,2025-04-17,7,crowd_aggregate,up,100.0,1,1.0,1,100.0,26
AVGO,2025-04-08,2025-04-29,15,crowd_aggregate,up,100.0,1,1.0,1,100.0,26
AVGO,2025-04-08,2025-05-20,30,crowd_aggregate,up,100.0,1,1.0,1,100.0,26
AXP,2025-04-08,2025-04-09,1,crowd_aggregate,down,100.0,-1,1.0,0,-100.0,26
AXP,2025-04-08,2025-04-11,3,crowd_aggregate,down,96.38514623726586,-1,1.0,0,-96.38514623726586,26
AXP,2025-04-08,2025-04-17,7,crowd_aggregate,up,81.8194061005993,1,1.0,1,81.8194061005993,26
AXP,2025-04-08,2025-04-29,15,crowd_aggregate,up,100.0,1,1.0,1,100.0,26
AXP,2025-04-08,2025-05-20,30,crowd_aggregate,up,100.0,1,1.0,1,100.0,26
BA,2025-04-02,2025-04-03,1,crowd_aggregate,up,69.0993593769627,1,-1.0,0,-69.0993593769627,26
BA,2025-04-02,2025-04-07,3,crowd_aggregate,down,54.95093666369313,-1,-1.0,1,54.95093666369313,26
BA,2025-04-02,2025-04-11,7,crowd_aggregate,down,77.08047140481527,-1,-1.0,1,77.08047140481527,25
BA,2025-04-02,2025-04-23,15,crowd_aggregate,down,53.634353377559016,-1,1.0,0,-53.634353377559016,26
BA,2025-04-02,2025-05-14,30,crowd_aggregate,up,71.31174569676185,1,1.0,1,71.31174569676185,26
BA,2025-04-08,2025-04-09,1,crowd_aggregate,up,100.0,1,1.0,1,100.0,26
BA,2025-04-08,2025-04-11,3,crowd_aggregate,up,100.0,1,1.0,1,100.0,26
BA,2025-04-08,2025-04-17,7,crowd_aggregate,up,93.12242090784044,1,1.0,1,93.12242090784044,26
BA,2025-04-08,2025-04-29,15,crowd_aggregate,down,84.37933907247987,-1,1.0,0,-84.37933907247987,26
BA,2025-04-08,2025-05-20,30,crowd_aggregate,up,82.82943909501044,1,1.0,1,82.82943909501044,26
BAC,2025-04-02,2025-04-03,1,crowd_aggregate,down,95.84199584199584,-1,-1.0,1,95.84199584199584,26
BAC,2025-04-02,2025-04-07,3,crowd_aggregate,down,92.32029490067582,-1,-1.0,1,92.32029490067582,26
BAC,2025-04-02,2025-04-11,7,crowd_aggregate,down,91.858098284385,-1,-1.0,1,91.858098284385,26
BAC,2025-04-02,2025-04-23,15,crowd_aggregate,down,73.1357109773043,-1,-1.0,1,73.1357109773043,26
BAC,2025-04-02,2025-05-14,30,crowd_aggregate,down,75.093399750934,-1,1.0,0,-75.093399750934,26
BKNG,2024-02-22,2024-02-23,1,crowd_aggregate,down,74.088065163499,-1,-1.0,1,74.088065163499,26
BKNG,2024-02-22,2024-02-27,3,crowd_aggregate,down,69.7529291900153,-1,-1.0,1,69.7529291900153,26
BKNG,2024-02-22,2024-03-04,7,crowd_aggregate,up,72.50905189754593,1,-1.0,0,-72.50905189754593,26
BKNG,2024-02-22,2024-03-14,15,crowd_aggregate,up,91.18165784832452,1,-1.0,0,-91.18165784832452,26
BKNG,2024-02-22,2024-04-04,30,crowd_aggregate,up,94.69089193015573,1,-1.0,0,-94.69089193015573,26
BKNG,2025-04-08,2025-04-09,1,crowd_aggregate,up,100.0,1,1.0,1,100.0,25
BKNG,2025-04-08,2025-04-11,3,crowd_aggregate,up,100.0,1,1.0,1,100.0,25
BKNG,2025-04-08,2025-04-17,7,crowd_aggregate,up,100.0,1,1.0,1,100.0,25
BKNG,2025-04-08,2025-04-29,15,crowd_aggregate,up,100.0,1,1.0,1,100.0,25
BKNG,2025-04-08,2025-05-20,30,crowd_aggregate,up,100.0,1,1.0,1,100.0,25
C,2025-04-02,2025-04-03,1,crowd_aggregate,down,52.169937398888656,-1,-1.0,1,52.169937398888656,26
C,2025-04-02,2025-04-07,3,crowd_aggregate,up,53.038866792268514,1,-1.0,0,-53.038866792268514,26
C,2025-04-02,2025-04-11,7,crowd_aggregate,up,60.91363510136073,1,-1.0,0,-60.91363510136073,26
C,2025-04-02,2025-04-23,15,crowd_aggregate,up,55.673758865248224,1,-1.0,0,-55.673758865248224,26
C,2025-04-02,2025-05-14,30,crowd_aggregate,down,52.23325062034739,-1,1.0,0,-52.23325062034739,26
CMCSA,2025-01-29,2025-01-30,1,crowd_aggregate,up,100.0,1,-1.0,0,-100.0,26
CMCSA,2025-01-29,2025-02-03,3,crowd_aggregate,up,96.9951923076923,1,-1.0,0,-96.9951923076923,26
CMCSA,2025-01-29,2025-02-07,7,crowd_aggregate,up,100.0,1,-1.0,0,-100.0,26
CMCSA,2025-01-29,2025-02-20,15,crowd_aggregate,up,96.49590020323778,1,-1.0,0,-96.49590020323778,26
CMCSA,2025-01-29,2025-03-13,30,crowd_aggregate,up,100.0,1,-1.0,0,-100.0,26
COF,2024-11-05,2024-11-06,1,crowd_aggregate,down,72.2053331017111,-1,1.0,0,-72.2053331017111,26
COF,2024-11-05,2024-11-08,3,crowd_aggregate,down,72.60039386933812,-1,1.0,0,-72.60039386933812,26
COF,2024-11-05,2024-11-15,7,crowd_aggregate,down,70.03168079458857,-1,1.0,0,-70.03168079458857,26
COF,2024-11-05,2024-11-27,15,crowd_aggregate,down,70.42788699818273,-1,1.0,0,-70.42788699818273,26
COF,2024-11-05,2024-12-19,30,crowd_aggregate,down,57.82249980723263,-1,1.0,0,-57.82249980723263,26
COF,2025-04-08,2025-04-09,1,crowd_aggregate,up,63.225329555254405,1,1.0,1,63.225329555254405,26
COF,2025-04-08,2025-04-11,3,crowd_aggregate,up,86.48894274462285,1,1.0,1,86.48894274462285,26
COF,2025-04-08,2025-04-17,7,crowd_aggregate,up,100.0,1,1.0,1,100.0,26
COF,2025-04-08,2025-04-29,15,crowd_aggregate,up,100.0,1,1.0,1,100.0,26
COF,2025-04-08,2025-05-20,30,crowd_aggregate,up,97.56261044421424,1,1.0,1,97.56261044421424,26
COP,2025-04-02,2025-04-03,1,crowd_aggregate,down,96.30751052359501,-1,-1.0,1,96.30751052359501,26
COP,2025-04-02,2025-04-07,3,crowd_aggregate,down,100.0,-1,-1.0,1,100.0,26
COP,2025-04-02,2025-04-11,7,crowd_aggregate,down,89.64390982235322,-1,-1.0,1,89.64390982235322,26
COP,2025-04-02,2025-04-23,15,crowd_aggregate,down,92.11160009964294,-1,-1.0,1,92.11160009964294,26
COP,2025-04-02,2025-05-14,30,crowd_aggregate,down,93.56112637362637,-1,-1.0,1,93.56112637362637,26
COP,2025-04-08,2025-04-09,1,crowd_aggregate,up,71.41825621276851,1,1.0,1,71.41825621276851,26
COP,2025-04-08,2025-04-11,3,crowd_aggregate,up,79.3832915023306,1,1.0,1,79.3832915023306,26
COP,2025-04-08,2025-04-17,7,crowd_aggregate,up,97.0268181007314,1,1.0,1,97.0268181007314,26
COP,2025-04-08,2025-04-29,15,crowd_aggregate,up,96.5034965034965,1,1.0,1,96.5034965034965,26
COP,2025-04-08,2025-05-20,30,crowd_aggregate,up,100.0,1,1.0,1,100.0,26
CRM,2024-05-29,2024-05-30,1,crowd_aggregate,down,100.0,-1,-1.0,1,100.0,26
CRM,2024-05-29,2024-06-03,3,crowd_aggregate,down,100.0,-1,-1.0,1,100.0,26
CRM,2024-05-29,2024-06-07,7,crowd_aggregate,down,85.36491430772195,-1,-1.0,1,85.36491430772195,26
CRM,2024-05-29,2024-06-20,15,crowd_aggregate,up,58.63570391872278,1,-1.0,0,-58.63570391872278,26
CRM,2024-05-29,2024-07-12,30,crowd_aggregate,up,73.72144734182332,1,-1.0,0,-73.72144734182332,26
CRM,2024-12-03,2024-12-04,1,crowd_aggregate,up,100.0,1,1.0,1,100.0,26
CRM,2024-12-03,2024-12-06,3,crowd_aggregate,up,100.0,1,1.0,1,100.0,26
CRM,2024-12-03,2024-12-12,7,crowd_aggregate,up,100.0,1,1.0,1,100.0,26
CRM,2024-12-03,2024-12-24,15,crowd_aggregate,up,100.0,1,1.0,1,100.0,26
CRM,2024-12-03,2025-01-16,30,crowd_aggregate,up,100.0,1,-1.0,0,-100.0,26
CVS,2024-04-30,2024-05-01,1,crowd_aggregate,down,88.77595560266883,-1,-1.0,1,88.77595560266883,26
CVS,2024-04-30,2024-05-03,3,crowd_aggregate,down,57.791993668799044,-1,-1.0,1,57.791993668799044,26
CVS,2024-04-30,2024-05-09,7,crowd_aggregate,up,82.66591198528371,1,-1.0,0,-82.66591198528371,26
CVS,2024-04-30,2024-05-21,15,crowd_aggregate,up,95.78262441257984,1,-1.0,0,-95.78262441257984,26
CVS,2024-04-30,2024-06-12,30,crowd_aggregate,up,96.61437760975059,1,-1.0,0,-96.61437760975059,26
CVS,2024-11-05,2024-11-06,1,crowd_aggregate,up,66.34112312521799,1,1.0,1,66.34112312521799,26
CVS,2024-11-05,2024-11-08,3,crowd_aggregate,down,72.59125499806527,-1,1.0,0,-72.59125499806527,26
CVS,2024-11-05,2024-11-15,7,crowd_aggregate,down,81.2861517522967,-1,-1.0,1,81.2861517522967,26
CVS,2024-11-05,2024-11-27,15,crowd_aggregate,up,55.70396619871881,1,1.0,1,55.70396619871881,26
CVS,2024-11-05,2024-12-19,30,crowd_aggregate,up,64.30208947402896,1,-1.0,0,-64.30208947402896,26
CVS,2025-02-11,2025-02-12,1,crowd_aggregate,down,57.25062866722548,-1,1.0,0,-57.25062866722548,26
CVS,2025-02-11,2025-02-14,3,crowd_aggregate,down,75.75169738118332,-1,1.0,0,-75.75169738118332,26
CVS,2025-02-11,2025-02-21,7,crowd_aggregate,up,68.18149891128749,1,1.0,1,68.18149891128749,25
CVS,2025-02-11,2025-03-05,15,crowd_aggregate,up,81.65485829959515,1,1.0,1,81.65485829959515,26
CVS,2025-02-11,2025-03-26,30,crowd_aggregate,up,86.69569424286405,1,1.0,1,86.69569424286405,26
DIS,2024-02-07,2024-02-08,1,crowd_aggregate,up,100.0,1,1.0,1,100.0,26
DIS,2024-02-07,2024-02-12,3,crowd_aggregate,up,100.0,1,1.0,1,100.0,26
DIS,2024-02-07,2024-02-16,7,crowd_aggregate,up,100.0,1,1.0,1,100.0,26
DIS,2024-02-07,2024-02-29,15,crowd_aggregate,up,100.0,1,1.0,1,100.0,26
DIS,2024-02-07,2024-03-21,30,crowd_aggregate,up,100.0,1,1.0,1,100.0,26
DIS,2025-04-08,2025-04-09,1,crowd_aggregate,up,100.0,1,1.0,1,100.0,26
DIS,2025-04-08,2025-04-11,3,crowd_aggregate,up,100.0,1,1.0,1,100.0,26
DIS,2025-04-08,2025-04-17,7,crowd_aggregate,up,100.0,1,1.0,1,100.0,26
DIS,2025-04-08,2025-04-29,15,crowd_aggregate,up,100.0,1,1.0,1,100.0,26
DIS,2025-04-08,2025-05-20,30,crowd_aggregate,up,100.0,1,1.0,1,100.0,26
EMR,2024-02-06,2024-02-07,1,crowd_aggregate,down,100.0,-1,1.0,0,-100.0,26
EMR,2024-02-06,2024-02-09,3,crowd_aggregate,down,100.0,-1,1.0,0,-100.0,26
EMR,2024-02-06,2024-02-15,7,crowd_aggregate,down,96.35036496350365,-1,1.0,0,-96.35036496350365,26
EMR,2024-02-06,2024-02-28,15,crowd_aggregate,down,100.0,-1,1.0,0,-100.0,26
EMR,2024-02-06,2024-03-20,30,crowd_aggregate,down,93.18910256410257,-1,1.0,0,-93.18910256410257,26
EMR,2025-04-08,2025-04-09,1,crowd_aggregate,up,100.0,1,1.0,1,100.0,26
EMR,2025-04-08,2025-04-11,3,crowd_aggregate,up,100.0,1,1.0,1,100.0,26
EMR,2025-04-08,2025-04-17,7,crowd_aggregate,up,94.13326746124869,1,1.0,1,94.13326746124869,26
EMR,2025-04-08,2025-04-29,15,crowd_aggregate,up,86.26373626373626,1,1.0,1,86.26373626373626,26
EMR,2025-04-08,2025-05-20,30,crowd_aggregate,up,79.0411142359716,1,1.0,1,79.0411142359716,26
FDX,2024-06-25,2024-06-26,1,crowd_aggregate,up,100.0,1,1.0,1,100.0,26
FDX,2024-06-25,2024-06-28,3,crowd_aggregate,up,100.0,1,1.0,1,100.0,26
FDX,2024-06-25,2024-07-05,7,crowd_aggregate,up,100.0,1,1.0,1,100.0,26
FDX,2024-06-25,2024-07-17,15,crowd_aggregate,up,100.0,1,1.0,1,100.0,26
FDX,2024-06-25,2024-08-07,30,crowd_aggregate,up,97.37463901286428,1,1.0,1,97.37463901286428,26
FDX,2024-09-19,2024-09-20,1,crowd_aggregate,down,100.0,-1,-1.0,1,100.0,26
FDX,2024-09-19,2024-09-24,3,crowd_aggregate,down,100.0,-1,-1.0,1,100.0,26
FDX,2024-09-19,2024-09-30,7,crowd_aggregate,down,100.0,-1,-1.0,1,100.0,26
FDX,2024-09-19,2024-10-10,15,crowd_aggregate,down,70.44610967154561,-1,-1.0,1,70.44610967154561,26
FDX,2024-09-19,2024-11-01,30,crowd_aggregate,down,55.12001136202244,-1,-1.0,1,55.12001136202244,26
FDX,2025-04-08,2025-04-09,1,crowd_aggregate,up,100.0,1,1.0,1,100.0,26
FDX,2025-04-08,2025-04-11,3,crowd_aggregate,up,100.0,1,1.0,1,100.0,26
FDX,2025-04-08,2025-04-17,7,crowd_aggregate,up,100.0,1,1.0,1,100.0,26
FDX,2025-04-08,2025-04-29,15,crowd_aggregate,up,100.0,1,1.0,1,100.0,26
FDX,2025-04-08,2025-05-20,30,crowd_aggregate,up,100.0,1,1.0,1,100.0,26
GE,2025-04-03,2025-04-04,1,crowd_aggregate,up,100.0,1,-1.0,0,-100.0,26
GE,2025-04-03,2025-04-08,3,crowd_aggregate,up,100.0,1,-1.0,0,-100.0,26
GE,2025-04-03,2025-04-14,7,crowd_aggregate,up,100.0,1,-1.0,0,-100.0,26
GE,2025-04-03,2025-04-24,15,crowd_aggregate,up,90.92760599888909,1,1.0,1,90.92760599888909,26
GE,2025-04-03,2025-05-15,30,crowd_aggregate,up,87.9887554306159,1,1.0,1,87.9887554306159,26
GE,2025-04-08,2025-04-09,1,crowd_aggregate,up,100.0,1,1.0,1,100.0,26
GE,2025-04-08,2025-04-11,3,crowd_aggregate,up,100.0,1,1.0,1,100.0,26
GE,2025-04-08,2025-04-17,7,crowd_aggregate,up,100.0,1,1.0,1,100.0,26
GE,2025-04-08,2025-04-29,15,crowd_aggregate,up,100.0,1,1.0,1,100.0,26
GE,2025-04-08,2025-05-20,30,crowd_aggregate,up,100.0,1,1.0,1,100.0,26
GOOGL,2024-04-25,2024-04-26,1,crowd_aggregate,up,100.0,1,1.0,1,100.0,26
GOOGL,2024-04-25,2024-04-30,3,crowd_aggregate,up,100.0,1,1.0,1,100.0,26
GOOGL,2024-04-25,2024-05-06,7,crowd_aggregate,up,100.0,1,1.0,1,100.0,26
GOOGL,2024-04-25,2024-05-16,15,crowd_aggregate,up,100.0,1,1.0,1,100.0,26
GOOGL,2024-04-25,2024-06-07,30,crowd_aggregate,up,100.0,1,1.0,1,100.0,26
GS,2024-11-05,2024-11-06,1,crowd_aggregate,down,98.48024316109422,-1,1.0,0,-98.48024316109422,26
GS,2024-11-05,2024-11-08,3,crowd_aggregate,down,98.55044453034402,-1,1.0,0,-98.55044453034402,26
GS,2024-11-05,2024-11-15,7,crowd_aggregate,down,91.85888738127545,-1,1.0,0,-91.85888738127545,26
GS,2024-11-05,2024-11-27,15,crowd_aggregate,down,83.39294839039346,-1,1.0,0,-83.39294839039346,26
GS,2024-11-05,2024-12-19,30,crowd_aggregate,down,86.07698607698607,-1,1.0,0,-86.07698607698607,26
GS,2025-04-08,2025-04-09,1,crowd_aggregate,up,100.0,1,1.0,1,100.0,26
GS,2025-04-08,2025-04-11,3,crowd_aggregate,up,100.0,1,1.0,1,100.0,26
GS,2025-04-08,2025-04-17,7,crowd_aggregate,up,100.0,1,1.0,1,100.0,26
GS,2025-04-08,2025-04-29,15,crowd_aggregate,up,91.37443438914026,1,1.0,1,91.37443438914026,26
GS,2025-04-08,2025-05-20,30,crowd_aggregate,up,83.3371550867538,1,1.0,1,83.3371550867538,26
IBM,2025-01-29,2025-01-30,1,crowd_aggregate,up,100.0,1,1.0,1,100.0,26
IBM,2025-01-29,2025-02-03,3,crowd_aggregate,up,100.0,1,1.0,1,100.0,26
IBM,2025-01-29,2025-02-07,7,crowd_aggregate,up,100.0,1,1.0,1,100.0,26
IBM,2025-01-29,2025-02-20,15,crowd_aggregate,up,100.0,1,1.0,1,100.0,26
IBM,2025-01-29,2025-03-13,30,crowd_aggregate,up,100.0,1,1.0,1,100.0,26
INTC,2024-01-25,2024-01-26,1,crowd_aggregate,down,100.0,-1,-1.0,1,100.0,26
INTC,2024-01-25,2024-01-30,3,crowd_aggregate,down,100.0,-1,-1.0,1,100.0,26
INTC,2024-01-25,2024-02-05,7,crowd_aggregate,down,56.763134152265934,-1,-1.0,1,56.763134152265934,25
INTC,2024-01-25,2024-02-15,15,crowd_aggregate,up,86.88180506362325,1,-1.0,0,-86.88180506362325,26
INTC,2024-01-25,2024-03-08,30,crowd_aggregate,up,97.67603997211248,1,-1.0,0,-97.67603997211248,26
INTC,2024-08-01,2024-08-02,1,crowd_aggregate,down,100.0,-1,-1.0,1,100.0,26
INTC,2024-08-01,2024-08-06,3,crowd_aggregate,down,100.0,-1,-1.0,1,100.0,26
INTC,2024-08-01,2024-08-12,7,crowd_aggregate,down,100.0,-1,-1.0,1,100.0,26
INTC,2024-08-01,2024-08-22,15,crowd_aggregate,down,100.0,-1,-1.0,1,100.0,26
INTC,2024-08-01,2024-09-13,30,crowd_aggregate,down,96.77811985394143,-1,-1.0,1,96.77811985394143,26
INTC,2025-03-12,2025-03-13,1,crowd_aggregate,up,100.0,1,1.0,1,100.0,26
INTC,2025-03-12,2025-03-17,3,crowd_aggregate,up,100.0,1,1.0,1,100.0,26
INTC,2025-03-12,2025-03-21,7,crowd_aggregate,up,100.0,1,1.0,1,100.0,26
INTC,2025-03-12,2025-04-02,15,crowd_aggregate,up,100.0,1,1.0,1,100.0,26
INTC,2025-03-12,2025-04-23,30,crowd_aggregate,up,100.0,1,-1.0,0,-100.0,26
INTC,2025-04-03,2025-04-04,1,crowd_aggregate,up,100.0,1,-1.0,0,-100.0,26
INTC,2025-04-03,2025-04-08,3,crowd_aggregate,up,100.0,1,-1.0,0,-100.0,26
INTC,2025-04-03,2025-04-14,7,crowd_aggregate,up,100.0,1,-1.0,0,-100.0,26
INTC,2025-04-03,2025-04-24,15,crowd_aggregate,up,100.0,1,-1.0,0,-100.0,26
INTC,2025-04-03,2025-05-15,30,crowd_aggregate,up,94.31898878000284,1,-1.0,0,-94.31898878000284,26
INTC,2025-04-08,2025-04-09,1,crowd_aggregate,down,69.48371825219117,-1,1.0,0,-69.48371825219117,26
INTC,2025-04-08,2025-04-11,3,crowd_aggregate,up,66.23359493503924,1,1.0,1,66.23359493503924,26
INTC,2025-04-08,2025-04-17,7,crowd_aggregate,up,90.01738906421073,1,1.0,1,90.01738906421073,26
INTC,2025-04-08,2025-04-29,15,crowd_aggregate,up,93.70956146657082,1,1.0,1,93.70956146657082,26
INTC,2025-04-08,2025-05-20,30,crowd_aggregate,up,96.25748502994011,1,1.0,1,96.25748502994011,26
INTU,2025-02-25,2025-02-26,1,crowd_aggregate,up,100.0,1,1.0,1,100.0,26
INTU,2025-02-25,2025-02-28,3,crowd_aggregate,up,86.07323159055301,1,1.0,1,86.07323159055301,26
INTU,2025-02-25,2025-03-06,7,crowd_aggregate,up,89.72561344131512,1,1.0,1,89.72561344131512,26
INTU,2025-02-25,2025-03-18,15,crowd_aggregate,up,90.55989583333334,1,1.0,1,90.55989583333334,25
INTU,2025-02-25,2025-04-08,30,crowd_aggregate,up,96.95326305526781,1,-1.0,0,-96.95326305526781,26
ISRG,2024-10-17,2024-10-18,1,crowd_aggregate,up,100.0,1,1.0,1,100.0,26
ISRG,2024-10-17,2024-10-22,3,crowd_aggregate,up,100.0,1,1.0,1,100.0,26
ISRG,2024-10-17,2024-10-28,7,crowd_aggregate,up,100.0,1,1.0,1,100.0,26
ISRG,2024-10-17,2024-11-07,15,crowd_aggregate,up,100.0,1,1.0,1,100.0,26
ISRG,2024-10-17,2024-12-02,30,crowd_aggregate,up,100.0,1,1.0,1,100.0,26
ISRG,2025-04-08,2025-04-09,1,crowd_aggregate,down,76.76714492562854,-1,1.0,0,-76.76714492562854,26
ISRG,2025-04-08,2025-04-11,3,crowd_aggregate,down,64.07062688201478,-1,1.0,0,-64.07062688201478,26
ISRG,2025-04-08,2025-04-17,7,crowd_aggregate,up,75.60310753714052,1,1.0,1,75.60310753714052,26
ISRG,2025-04-08,2025-04-29,15,crowd_aggregate,up,97.49436231520922,1,1.0,1,97.49436231520922,26
ISRG,2025-04-08,2025-05-20,30,crowd_aggregate,up,94.14447731755425,1,1.0,1,94.14447731755425,26
JPM,2024-11-05,2024-11-06,1,crowd_aggregate,up,55.96022213612295,1,1.0,1,55.96022213612295,26
JPM,2024-11-05,2024-11-08,3,crowd_aggregate,up,88.17525516554643,1,1.0,1,88.17525516554643,26
JPM,2024-11-05,2024-11-15,7,crowd_aggregate,up,92.60355029585799,1,1.0,1,92.60355029585799,26
JPM,2024-11-05,2024-11-27,15,crowd_aggregate,up,90.00125770343354,1,1.0,1,90.00125770343354,26
JPM,2024-11-05,2024-12-19,30,crowd_aggregate,up,83.35798816568047,1,1.0,1,83.35798816568047,26
LLY,2025-04-16,2025-04-17,1,crowd_aggregate,up,100.0,1,1.0,1,100.0,26
LLY,2025-04-16,2025-04-21,3,crowd_aggregate,up,100.0,1,1.0,1,100.0,26
LLY,2025-04-16,2025-04-25,7,crowd_aggregate,up,100.0,1,1.0,1,100.0,26
LLY,2025-04-16,2025-05-07,15,crowd_aggregate,up,97.12767485279333,1,1.0,1,97.12767485279333,26
LLY,2025-04-16,2025-05-29,30,crowd_aggregate,up,97.33536353254662,1,-1.0,0,-97.33536353254662,26
LLY,2025-04-30,2025-05-01,1,crowd_aggregate,up,100.0,1,-1.0,0,-100.0,26
LLY,2025-04-30,2025-05-05,3,crowd_aggregate,up,100.0,1,-1.0,0,-100.0,26
LLY,2025-04-30,2025-05-09,7,crowd_aggregate,up,100.0,1,-1.0,0,-100.0,26
LLY,2025-04-30,2025-05-21,15,crowd_aggregate,up,100.0,1,-1.0,0,-100.0,26
LLY,2025-04-30,2025-06-12,30,crowd_aggregate,up,100.0,1,-1.0,0,-100.0,26
META,2024-02-01,2024-02-02,1,crowd_aggregate,up,100.0,1,1.0,1,100.0,26
META,2024-02-01,2024-02-06,3,crowd_aggregate,up,100.0,1,1.0,1,100.0,26
META,2024-02-01,2024-02-12,7,crowd_aggregate,up,100.0,1,1.0,1,100.0,26
META,2024-02-01,2024-02-23,15,crowd_aggregate,up,100.0,1,1.0,1,100.0,26
META,2024-02-01,2024-03-15,30,crowd_aggregate,up,100.0,1,1.0,1,100.0,26
META,2024-04-24,2024-04-25,1,crowd_aggregate,down,100.0,-1,-1.0,1,100.0,26
META,2024-04-24,2024-04-29,3,crowd_aggregate,down,88.8261585509292,-1,-1.0,1,88.8261585509292,26
META,2024-04-24,2024-05-03,7,crowd_aggregate,up,64.92621269274039,1,-1.0,0,-64.92621269274039,26
META,2024-04-24,2024-05-15,15,crowd_aggregate,up,96.3088280529068,1,-1.0,0,-96.3088280529068,26
META,2024-04-24,2024-06-06,30,crowd_aggregate,up,96.93422519509475,1,1.0,1,96.93422519509475,26
META,2025-04-08,2025-04-09,1,crowd_aggregate,up,68.83085624887177,1,1.0,1,68.83085624887177,26
META,2025-04-08,2025-04-11,3,crowd_aggregate,up,54.500798231609984,1,1.0,1,54.500798231609984,26
META,2025-04-08,2025-04-17,7,crowd_aggregate,up,59.01088563365139,1,-1.0,0,-59.01088563365139,26
META,2025-04-08,2025-04-29,15,crowd_aggregate,up,71.73826306689719,1,1.0,1,71.73826306689719,26
META,2025-04-08,2025-05-20,30,crowd_aggregate,up,82.59010384850336,1,1.0,1,82.59010384850336,26
META,2025-07-30,2025-07-31,1,crowd_aggregate,up,100.0,1,1.0,1,100.0,26
META,2025-07-30,2025-08-04,3,crowd_aggregate,up,100.0,1,1.0,1,100.0,26
META,2025-07-30,2025-08-08,7,crowd_aggregate,up,100.0,1,1.0,1,100.0,26
META,2025-07-30,2025-08-20,15,crowd_aggregate,up,100.0,1,1.0,1,100.0,26
META,2025-07-30,2025-09-11,30,crowd_aggregate,up,100.0,1,1.0,1,100.0,26
MMM,2024-01-22,2024-01-23,1,crowd_aggregate,up,98.30570010891928,1,-1.0,0,-98.30570010891928,26
MMM,2024-01-22,2024-01-25,3,crowd_aggregate,up,97.97967043373951,1,-1.0,0,-97.97967043373951,26
MMM,2024-01-22,2024-01-31,7,crowd_aggregate,up,84.42942020077852,1,-1.0,0,-84.42942020077852,26
MMM,2024-01-22,2024-02-12,15,crowd_aggregate,up,76.5030583320901,1,-1.0,0,-76.5030583320901,26
MMM,2024-01-22,2024-03-05,30,crowd_aggregate,up,64.71774193548387,1,-1.0,0,-64.71774193548387,26
MMM,2024-07-25,2024-07-26,1,crowd_aggregate,down,80.06673691605198,-1,1.0,0,-80.06673691605198,26
MMM,2024-07-25,2024-07-30,3,crowd_aggregate,down,81.30341880341881,-1,1.0,0,-81.30341880341881,26
MMM,2024-07-25,2024-08-05,7,crowd_aggregate,down,57.22675081076343,-1,1.0,0,-57.22675081076343,26
MMM,2024-07-25,2024-08-15,15,crowd_aggregate,down,52.64270613107822,-1,1.0,0,-52.64270613107822,26
MMM,2024-07-25,2024-09-06,30,crowd_aggregate,up,54.20030373271521,1,1.0,1,54.20030373271521,26
MS,2024-11-05,2024-11-06,1,crowd_aggregate,up,64.81568522124488,1,1.0,1,64.81568522124488,26
MS,2024-11-05,2024-11-08,3,crowd_aggregate,up,77.0197252783022,1,1.0,1,77.0197252783022,26
MS,2024-11-05,2024-11-15,7,crowd_aggregate,up,70.27444138764008,1,1.0,1,70.27444138764008,26
MS,2024-11-05,2024-11-27,15,crowd_aggregate,up,65.403397757755,1,1.0,1,65.403397757755,26
MS,2024-11-05,2024-12-19,30,crowd_aggregate,up,67.21761196077087,1,1.0,1,67.21761196077087,26
MS,2025-04-08,2025-04-09,1,crowd_aggregate,up,81.71109733415996,1,1.0,1,81.71109733415996,26
MS,2025-04-08,2025-04-11,3,crowd_aggregate,up,85.6885147324113,1,1.0,1,85.6885147324113,26
MS,2025-04-08,2025-04-17,7,crowd_aggregate,up,86.92128208277047,1,1.0,1,86.92128208277047,26
MS,2025-04-08,2025-04-29,15,crowd_aggregate,up,80.0,1,1.0,1,80.0,26
MS,2025-04-08,2025-05-20,30,crowd_aggregate,up,73.469651870066,1,1.0,1,73.469651870066,26
MSFT,2025-04-08,2025-04-09,1,crowd_aggregate,up,81.31179165661925,1,1.0,1,81.31179165661925,26
MSFT,2025-04-08,2025-04-11,3,crowd_aggregate,up,70.18901433464417,1,1.0,1,70.18901433464417,26
MSFT,2025-04-08,2025-04-17,7,crowd_aggregate,up,54.941362046498874,1,1.0,1,54.941362046498874,26
MSFT,2025-04-08,2025-04-29,15,crowd_aggregate,up,72.42967388598457,1,1.0,1,72.42967388598457,26
MSFT,2025-04-08,2025-05-20,30,crowd_aggregate,up,79.03187155523604,1,1.0,1,79.03187155523604,26
NFLX,2024-01-23,2024-01-24,1,crowd_aggregate,up,100.0,1,1.0,1,100.0,26
NFLX,2024-01-23,2024-01-26,3,crowd_aggregate,up,100.0,1,1.0,1,100.0,26
NFLX,2024-01-23,2024-02-01,7,crowd_aggregate,up,100.0,1,1.0,1,100.0,26
NFLX,2024-01-23,2024-02-13,15,crowd_aggregate,up,100.0,1,1.0,1,100.0,26
NFLX,2024-01-23,2024-03-06,30,crowd_aggregate,up,100.0,1,1.0,1,100.0,26
NFLX,2024-10-17,2024-10-18,1,crowd_aggregate,up,100.0,1,1.0,1,100.0,26
NFLX,2024-10-17,2024-10-22,3,crowd_aggregate,up,100.0,1,1.0,1,100.0,26
NFLX,2024-10-17,2024-10-28,7,crowd_aggregate,up,100.0,1,1.0,1,100.0,26
NFLX,2024-10-17,2024-11-07,15,crowd_aggregate,up,100.0,1,1.0,1,100.0,26
NFLX,2024-10-17,2024-12-02,30,crowd_aggregate,up,100.0,1,1.0,1,100.0,26
NKE,2024-06-27,2024-06-28,1,crowd_aggregate,down,100.0,-1,-1.0,1,100.0,26
NKE,2024-06-27,2024-07-02,3,crowd_aggregate,down,100.0,-1,-1.0,1,100.0,26
NKE,2024-06-27,2024-07-09,7,crowd_aggregate,down,96.684350132626,-1,-1.0,1,96.684350132626,26
NKE,2024-06-27,2024-07-19,15,crowd_aggregate,down,90.11183851609384,-1,-1.0,1,90.11183851609384,26
NKE,2024-06-27,2024-08-09,30,crowd_aggregate,down,78.98860398860398,-1,-1.0,1,78.98860398860398,26
NKE,2025-04-02,2025-04-03,1,crowd_aggregate,down,100.0,-1,-1.0,1,100.0,26
NKE,2025-04-02,2025-04-07,3,crowd_aggregate,down,100.0,-1,-1.0,1,100.0,26
NKE,2025-04-02,2025-04-11,7,crowd_aggregate,down,96.59906010388325,-1,-1.0,1,96.59906010388325,26
NKE,2025-04-02,2025-04-23,15,crowd_aggregate,down,77.96161931240252,-1,-1.0,1,77.96161931240252,26
NKE,2025-04-02,2025-05-14,30,crowd_aggregate,down,66.4168552036199,-1,-1.0,1,66.4168552036199,26
NKE,2025-04-08,2025-04-09,1,crowd_aggregate,down,76.77775685683801,-1,1.0,0,-76.77775685683801,26
NKE,2025-04-08,2025-04-11,3,crowd_aggregate,down,76.13826905713917,-1,1.0,0,-76.13826905713917,26
NKE,2025-04-08,2025-04-17,7,crowd_aggregate,up,77.53788386750703,1,1.0,1,77.53788386750703,26
NKE,2025-04-08,2025-04-29,15,crowd_aggregate,up,79.08341658341658,1,1.0,1,79.08341658341658,26
NKE,2025-04-08,2025-05-20,30,crowd_aggregate,up,82.69070072818432,1,1.0,1,82.69070072818432,26
NOW,2024-05-29,2024-05-30,1,crowd_aggregate,up,58.41731989548339,1,-1.0,0,-58.41731989548339,26
NOW,2024-05-29,2024-06-03,3,crowd_aggregate,up,59.12689920821741,1,-1.0,0,-59.12689920821741,26
NOW,2024-05-29,2024-06-07,7,crowd_aggregate,up,72.46817930271168,1,-1.0,0,-72.46817930271168,26
NOW,2024-05-29,2024-06-20,15,crowd_aggregate,up,70.51153460381143,1,1.0,1,70.51153460381143,26
NOW,2024-05-29,2024-07-12,30,crowd_aggregate,up,78.06286080821039,1,1.0,1,78.06286080821039,26
NOW,2024-07-24,2024-07-25,1,crowd_aggregate,up,82.24481270018103,1,1.0,1,82.24481270018103,26
NOW,2024-07-24,2024-07-29,3,crowd_aggregate,up,85.14952193666508,1,1.0,1,85.14952193666508,26
NOW,2024-07-24,2024-08-02,7,crowd_aggregate,up,90.48007615939072,1,1.0,1,90.48007615939072,26
NOW,2024-07-24,2024-08-14,15,crowd_aggregate,up,78.60160828676571,1,1.0,1,78.60160828676571,26
NOW,2024-07-24,2024-09-05,30,crowd_aggregate,up,77.78981581798483,1,1.0,1,77.78981581798483,26
NOW,2025-01-29,2025-01-30,1,crowd_aggregate,up,94.85133221778864,1,-1.0,0,-94.85133221778864,26
NOW,2025-01-29,2025-02-03,3,crowd_aggregate,up,97.80330132429549,1,-1.0,0,-97.80330132429549,26
NOW,2025-01-29,2025-02-07,7,crowd_aggregate,up,97.55486276667278,1,-1.0,0,-97.55486276667278,26
NOW,2025-01-29,2025-02-20,15,crowd_aggregate,up,87.3233187551499,1,-1.0,0,-87.3233187551499,26
NOW,2025-01-29,2025-03-13,30,crowd_aggregate,up,87.00623700623701,1,-1.0,0,-87.00623700623701,26
NOW,2025-04-08,2025-04-09,1,crowd_aggregate,up,52.88305559651969,1,1.0,1,52.88305559651969,26
NOW,2025-04-08,2025-04-11,3,crowd_aggregate,down,54.844366505918465,-1,1.0,0,-54.844366505918465,26
NOW,2025-04-08,2025-04-17,7,crowd_aggregate,up,58.80203482123666,1,1.0,1,58.80203482123666,26
NOW,2025-04-08,2025-04-29,15,crowd_aggregate,up,56.72432050829509,1,1.0,1,56.72432050829509,26
NOW,2025-04-08,2025-05-20,30,crowd_aggregate,up,61.343252450809985,1,1.0,1,61.343252450809985,26
NVDA,2024-02-21,2024-02-22,1,crowd_aggregate,up,100.0,1,1.0,1,100.0,26
NVDA,2024-02-21,2024-02-26,3,crowd_aggregate,up,100.0,1,1.0,1,100.0,26
NVDA,2024-02-21,2024-03-01,7,crowd_aggregate,up,100.0,1,1.0,1,100.0,26
NVDA,2024-02-21,2024-03-13,15,crowd_aggregate,up,100.0,1,1.0,1,100.0,26
NVDA,2024-02-21,2024-04-03,30,crowd_aggregate,up,100.0,1,1.0,1,100.0,26
NVDA,2024-04-18,2024-04-19,1,crowd_aggregate,up,92.85969296679757,1,-1.0,0,-92.85969296679757,26
NVDA,2024-04-18,2024-04-23,3,crowd_aggregate,up,100.0,1,-1.0,0,-100.0,26
NVDA,2024-04-18,2024-04-29,7,crowd_aggregate,up,100.0,1,1.0,1,100.0,26
NVDA,2024-04-18,2024-05-09,15,crowd_aggregate,up,90.96274437476946,1,1.0,1,90.96274437476946,26
NVDA,2024-04-18,2024-05-31,30,crowd_aggregate,up,94.05692837034721,1,1.0,1,94.05692837034721,26
NVDA,2025-04-08,2025-04-09,1,crowd_aggregate,up,96.39206253758267,1,1.0,1,96.39206253758267,26
NVDA,2025-04-08,2025-04-11,3,crowd_aggregate,up,100.0,1,1.0,1,100.0,26
NVDA,2025-04-08,2025-04-17,7,crowd_aggregate,up,90.25467775467776,1,1.0,1,90.25467775467776,26
NVDA,2025-04-08,2025-04-29,15,crowd_aggregate,up,87.32890635587478,1,1.0,1,87.32890635587478,26
NVDA,2025-04-08,2025-05-20,30,crowd_aggregate,up,94.71327279512377,1,1.0,1,94.71327279512377,26
ORCL,2024-03-11,2024-03-12,1,crowd_aggregate,up,100.0,1,1.0,1,100.0,26
ORCL,2024-03-11,2024-03-14,3,crowd_aggregate,up,100.0,1,1.0,1,100.0,26
ORCL,2024-03-11,2024-03-20,7,crowd_aggregate,up,100.0,1,1.0,1,100.0,26
ORCL,2024-03-11,2024-04-01,15,crowd_aggregate,up,100.0,1,1.0,1,100.0,26
ORCL,2024-03-11,2024-04-22,30,crowd_aggregate,up,100.0,1,1.0,1,100.0,26
ORCL,2024-06-11,2024-06-12,1,crowd_aggregate,up,100.0,1,1.0,1,100.0,26
ORCL,2024-06-11,2024-06-14,3,crowd_aggregate,up,100.0,1,1.0,1,100.0,26
ORCL,2024-06-11,2024-06-21,7,crowd_aggregate,up,100.0,1,1.0,1,100.0,26
ORCL,2024-06-11,2024-07-03,15,crowd_aggregate,up,100.0,1,1.0,1,100.0,26
ORCL,2024-06-11,2024-07-25,30,crowd_aggregate,up,100.0,1,1.0,1,100.0,26
ORCL,2024-09-09,2024-09-10,1,crowd_aggregate,up,100.0,1,1.0,1,100.0,26
ORCL,2024-09-09,2024-09-12,3,crowd_aggregate,up,100.0,1,1.0,1,100.0,26
ORCL,2024-09-09,2024-09-18,7,crowd_aggregate,up,100.0,1,1.0,1,100.0,26
ORCL,2024-09-09,2024-09-30,15,crowd_aggregate,up,100.0,1,1.0,1,100.0,26
ORCL,2024-09-09,2024-10-22,30,crowd_aggregate,up,100.0,1,1.0,1,100.0,26
ORCL,2025-04-08,2025-04-09,1,crowd_aggregate,up,100.0,1,1.0,1,100.0,26
ORCL,2025-04-08,2025-04-11,3,crowd_aggregate,up,100.0,1,1.0,1,100.0,26
ORCL,2025-04-08,2025-04-17,7,crowd_aggregate,up,100.0,1,1.0,1,100.0,26
ORCL,2025-04-08,2025-04-29,15,crowd_aggregate,up,100.0,1,1.0,1,100.0,26
ORCL,2025-04-08,2025-05-20,30,crowd_aggregate,up,100.0,1,1.0,1,100.0,26
ORCL,2025-06-11,2025-06-12,1,crowd_aggregate,up,100.0,1,1.0,1,100.0,26
ORCL,2025-06-11,2025-06-16,3,crowd_aggregate,up,100.0,1,1.0,1,100.0,26
ORCL,2025-06-11,2025-06-23,7,crowd_aggregate,up,100.0,1,1.0,1,100.0,26
ORCL,2025-06-11,2025-07-03,15,crowd_aggregate,up,100.0,1,1.0,1,100.0,26
ORCL,2025-06-11,2025-07-25,30,crowd_aggregate,up,100.0,1,1.0,1,100.0,26
PLTR,2024-02-05,2024-02-06,1,crowd_aggregate,up,100.0,1,1.0,1,100.0,26
PLTR,2024-02-05,2024-02-08,3,crowd_aggregate,up,100.0,1,1.0,1,100.0,26
PLTR,2024-02-05,2024-02-14,7,crowd_aggregate,up,100.0,1,1.0,1,100.0,26
PLTR,2024-02-05,2024-02-27,15,crowd_aggregate,up,96.92799213565986,1,1.0,1,96.92799213565986,26
PLTR,2024-02-05,2024-03-19,30,crowd_aggregate,up,84.08488063660478,1,1.0,1,84.08488063660478,26
PLTR,2024-05-06,2024-05-07,1,crowd_aggregate,down,100.0,-1,-1.0,1,100.0,26
PLTR,2024-05-06,2024-05-09,3,crowd_aggregate,down,100.0,-1,-1.0,1,100.0,26
PLTR,2024-05-06,2024-05-15,7,crowd_aggregate,down,85.50911315772525,-1,-1.0,1,85.50911315772525,26
PLTR,2024-05-06,2024-05-28,15,crowd_aggregate,down,55.79247589297841,-1,-1.0,1,55.79247589297841,26
PLTR,2024-05-06,2024-06-18,30,crowd_aggregate,up,75.74287446937538,1,1.0,1,75.74287446937538,26
PLTR,2024-08-05,2024-08-06,1,crowd_aggregate,up,100.0,1,1.0,1,100.0,26
PLTR,2024-08-05,2024-08-08,3,crowd_aggregate,up,100.0,1,1.0,1,100.0,26
PLTR,2024-08-05,2024-08-14,7,crowd_aggregate,up,100.0,1,1.0,1,100.0,26
PLTR,2024-08-05,2024-08-26,15,crowd_aggregate,up,93.94673123486683,1,1.0,1,93.94673123486683,26
PLTR,2024-08-05,2024-09-17,30,crowd_aggregate,up,66.37573329517814,1,1.0,1,66.37573329517814,26
PLTR,2024-08-07,2024-08-08,1,crowd_aggregate,up,100.0,1,1.0,1,100.0,26
PLTR,2024-08-07,2024-08-12,3,crowd_aggregate,up,100.0,1,1.0,1,100.0,26
PLTR,2024-08-07,2024-08-16,7,crowd_aggregate,up,100.0,1,1.0,1,100.0,26
PLTR,2024-08-07,2024-08-28,15,crowd_aggregate,up,100.0,1,1.0,1,100.0,26
PLTR,2024-08-07,2024-09-19,30,crowd_aggregate,up,100.0,1,1.0,1,100.0,26
PLTR,2024-11-04,2024-11-05,1,crowd_aggregate,up,100.0,1,1.0,1,100.0,26
PLTR,2024-11-04,2024-11-07,3,crowd_aggregate,up,100.0,1,1.0,1,100.0,26
PLTR,2024-11-04,2024-11-14,7,crowd_aggregate,up,100.0,1,1.0,1,100.0,26
PLTR,2024-11-04,2024-11-26,15,crowd_aggregate,up,89.6978021978022,1,1.0,1,89.6978021978022,26
PLTR,2024-11-04,2024-12-18,30,crowd_aggregate,up,78.73612864642169,1,1.0,1,78.73612864642169,26
PLTR,2024-11-14,2024-11-15,1,crowd_aggregate,up,73.08901790033865,1,1.0,1,73.08901790033865,26
PLTR,2024-11-14,2024-11-19,3,crowd_aggregate,up,57.679860592481944,1,1.0,1,57.679860592481944,26
PLTR,2024-11-14,2024-11-25,7,crowd_aggregate,down,54.44626295690125,-1,1.0,0,-54.44626295690125,26
PLTR,2024-11-14,2024-12-06,15,crowd_aggregate,down,57.52921989671107,-1,1.0,0,-57.52921989671107,26
PLTR,2024-11-14,2024-12-30,30,crowd_aggregate,down,79.01605783379182,-1,1.0,0,-79.01605783379182,26
PLTR,2025-02-03,2025-02-04,1,crowd_aggregate,up,100.0,1,1.0,1,100.0,26
PLTR,2025-02-03,2025-02-06,3,crowd_aggregate,up,100.0,1,1.0,1,100.0,26
PLTR,2025-02-03,2025-02-12,7,crowd_aggregate,up,100.0,1,1.0,1,100.0,26
PLTR,2025-02-03,2025-02-25,15,crowd_aggregate,up,97.57795943082047,1,1.0,1,97.57795943082047,26
PLTR,2025-02-03,2025-03-18,30,crowd_aggregate,up,94.68756225512982,1,1.0,1,94.68756225512982,26
PLTR,2025-02-18,2025-02-19,1,crowd_aggregate,up,77.78816927753098,1,-1.0,0,-77.78816927753098,26
PLTR,2025-02-18,2025-02-21,3,crowd_aggregate,up,82.82967032967032,1,-1.0,0,-82.82967032967032,26
PLTR,2025-02-18,2025-02-27,7,crowd_aggregate,up,78.19152398932361,1,-1.0,0,-78.19152398932361,26
PLTR,2025-02-18,2025-03-11,15,crowd_aggregate,up,63.630384741861235,1,-1.0,0,-63.630384741861235,26
PLTR,2025-02-18,2025-04-01,30,crowd_aggregate,down,55.09853194021955,-1,-1.0,1,55.09853194021955,26
PLTR,2025-03-05,2025-03-06,1,crowd_aggregate,up,96.5495428144229,1,-1.0,0,-96.5495428144229,26
PLTR,2025-03-05,2025-03-10,3,crowd_aggregate,up,93.3883256721869,1,-1.0,0,-93.3883256721869,26
PLTR,2025-03-05,2025-03-14,7,crowd_aggregate,up,68.83773161145423,1,-1.0,0,-68.83773161145423,26
PLTR,2025-03-05,2025-03-26,15,crowd_aggregate,up,55.70674812552069,1,1.0,1,55.70674812552069,26
PLTR,2025-03-05,2025-04-16,30,crowd_aggregate,up,68.03744567034437,1,1.0,1,68.03744567034437,26
PLTR,2025-04-03,2025-04-04,1,crowd_aggregate,down,53.569392538164315,-1,-1.0,1,53.569392538164315,26
PLTR,2025-04-03,2025-04-08,3,crowd_aggregate,down,56.53881398088755,-1,-1.0,1,56.53881398088755,26
PLTR,2025-04-03,2025-04-14,7,crowd_aggregate,up,85.40193343281646,1,1.0,1,85.40193343281646,26
PLTR,2025-04-03,2025-04-24,15,crowd_aggregate,up,86.46570286065825,1,1.0,1,86.46570286065825,26
PLTR,2025-04-03,2025-05-15,30,crowd_aggregate,up,91.15301786857574,1,1.0,1,91.15301786857574,26
PM,2025-02-05,2025-02-06,1,crowd_aggregate,up,80.01084157744953,1,1.0,1,80.01084157744953,26
PM,2025-02-05,2025-02-10,3,crowd_aggregate,up,83.61751922433969,1,1.0,1,83.61751922433969,26
PM,2025-02-05,2025-02-14,7,crowd_aggregate,up,93.62244897959184,1,1.0,1,93.62244897959184,25
PM,2025-02-05,2025-02-27,15,crowd_aggregate,up,84.86828530160258,1,1.0,1,84.86828530160258,26
PM,2025-02-05,2025-03-20,30,crowd_aggregate,up,82.29238160603981,1,1.0,1,82.29238160603981,26
PYPL,2024-02-07,2024-02-08,1,crowd_aggregate,down,100.0,-1,-1.0,1,100.0,26
PYPL,2024-02-07,2024-02-12,3,crowd_aggregate,down,100.0,-1,-1.0,1,100.0,26
PYPL,2024-02-07,2024-02-16,7,crowd_aggregate,down,92.90290164552192,-1,-1.0,1,92.90290164552192,26
PYPL,2024-02-07,2024-02-29,15,crowd_aggregate,down,54.751131221719454,-1,-1.0,1,54.751131221719454,26
PYPL,2024-02-07,2024-03-21,30,crowd_aggregate,up,71.75892085852881,1,1.0,1,71.75892085852881,26
PYPL,2025-02-03,2025-02-04,1,crowd_aggregate,down,100.0,-1,-1.0,1,100.0,26
PYPL,2025-02-03,2025-02-06,3,crowd_aggregate,down,100.0,-1,-1.0,1,100.0,26
PYPL,2025-02-03,2025-02-12,7,crowd_aggregate,down,77.67078361593748,-1,-1.0,1,77.67078361593748,26
PYPL,2025-02-03,2025-02-25,15,crowd_aggregate,up,70.69290349591795,1,-1.0,0,-70.69290349591795,26
PYPL,2025-02-03,2025-03-18,30,crowd_aggregate,up,86.26408406127358,1,-1.0,0,-86.26408406127358,26
PYPL,2025-04-08,2025-04-09,1,crowd_aggregate,up,100.0,1,1.0,1,100.0,26
PYPL,2025-04-08,2025-04-11,3,crowd_aggregate,up,100.0,1,1.0,1,100.0,26
PYPL,2025-04-08,2025-04-17,7,crowd_aggregate,up,94.67551991981959,1,1.0,1,94.67551991981959,26
PYPL,2025-04-08,2025-04-29,15,crowd_aggregate,up,97.14955343003737,1,1.0,1,97.14955343003737,26
PYPL,2025-04-08,2025-05-20,30,crowd_aggregate,up,97.41868869385648,1,1.0,1,97.41868869385648,26
QCOM,2025-04-08,2025-04-09,1,crowd_aggregate,up,67.58817921830314,1,1.0,1,67.58817921830314,26
QCOM,2025-04-08,2025-04-11,3,crowd_aggregate,up,89.79718031164975,1,1.0,1,89.79718031164975,26
QCOM,2025-04-08,2025-04-17,7,crowd_aggregate,up,100.0,1,1.0,1,100.0,26
QCOM,2025-04-08,2025-04-29,15,crowd_aggregate,up,100.0,1,1.0,1,100.0,26
QCOM,2025-04-08,2025-05-20,30,crowd_aggregate,up,97.6547842401501,1,1.0,1,97.6547842401501,26
SBUX,2024-04-30,2024-05-01,1,crowd_aggregate,down,100.0,-1,-1.0,1,100.0,26
SBUX,2024-04-30,2024-05-03,3,crowd_aggregate,down,100.0,-1,-1.0,1,100.0,26
SBUX,2024-04-30,2024-05-09,7,crowd_aggregate,down,100.0,-1,-1.0,1,100.0,26
SBUX,2024-04-30,2024-05-21,15,crowd_aggregate,down,88.89197445154124,-1,-1.0,1,88.89197445154124,26
SBUX,2024-04-30,2024-06-12,30,crowd_aggregate,down,81.65002935995302,-1,-1.0,1,81.65002935995302,26
SBUX,2024-08-12,2024-08-13,1,crowd_aggregate,up,100.0,1,1.0,1,100.0,26
SBUX,2024-08-12,2024-08-15,3,crowd_aggregate,up,100.0,1,1.0,1,100.0,26
SBUX,2024-08-12,2024-08-21,7,crowd_aggregate,up,93.70444002650761,1,1.0,1,93.70444002650761,26
SBUX,2024-08-12,2024-09-03,15,crowd_aggregate,down,53.03748384317105,-1,1.0,0,-53.03748384317105,26
SBUX,2024-08-12,2024-09-24,30,crowd_aggregate,down,79.6254212052347,-1,1.0,0,-79.6254212052347,26
SBUX,2025-04-02,2025-04-03,1,crowd_aggregate,up,76.81977065064083,1,-1.0,0,-76.81977065064083,26
SBUX,2025-04-02,2025-04-07,3,crowd_aggregate,down,54.0133779264214,-1,-1.0,1,54.0133779264214,26
SBUX,2025-04-02,2025-04-11,7,crowd_aggregate,down,80.146954924403,-1,-1.0,1,80.146954924403,26
SBUX,2025-04-02,2025-04-23,15,crowd_aggregate,down,84.78845337484081,-1,-1.0,1,84.78845337484081,26
SBUX,2025-04-02,2025-05-14,30,crowd_aggregate,down,69.12533080002714,-1,-1.0,1,69.12533080002714,26
SBUX,2025-04-08,2025-04-09,1,crowd_aggregate,down,100.0,-1,1.0,0,-100.0,26
SBUX,2025-04-08,2025-04-11,3,crowd_aggregate,down,100.0,-1,1.0,0,-100.0,26
SBUX,2025-04-08,2025-04-17,7,crowd_aggregate,down,100.0,-1,1.0,0,-100.0,26
SBUX,2025-04-08,2025-04-29,15,crowd_aggregate,down,100.0,-1,1.0,0,-100.0,26
SBUX,2025-04-08,2025-05-20,30,crowd_aggregate,down,100.0,-1,1.0,0,-100.0,26
SPG,2025-04-02,2025-04-03,1,crowd_aggregate,up,100.0,1,-1.0,0,-100.0,26
SPG,2025-04-02,2025-04-07,3,crowd_aggregate,up,93.32697807435653,1,-1.0,0,-93.32697807435653,26
SPG,2025-04-02,2025-04-11,7,crowd_aggregate,down,63.755241276384055,-1,-1.0,1,63.755241276384055,26
SPG,2025-04-02,2025-04-23,15,crowd_aggregate,down,96.16778149386846,-1,-1.0,1,96.16778149386846,26
SPG,2025-04-02,2025-05-14,30,crowd_aggregate,down,96.04299940644991,-1,-1.0,1,96.04299940644991,26
TGT,2024-03-04,2024-03-05,1,crowd_aggregate,up,100.0,1,1.0,1,100.0,26
TGT,2024-03-04,2024-03-07,3,crowd_aggregate,up,97.52014879107253,1,1.0,1,97.52014879107253,26
TGT,2024-03-04,2024-03-13,7,crowd_aggregate,up,93.70026525198939,1,1.0,1,93.70026525198939,26
TGT,2024-03-04,2024-03-25,15,crowd_aggregate,up,71.14591920857379,1,1.0,1,71.14591920857379,26
TGT,2024-03-04,2024-04-15,30,crowd_aggregate,up,74.6563243990477,1,1.0,1,74.6563243990477,26
TGT,2024-08-20,2024-08-21,1,crowd_aggregate,up,80.76923076923077,1,1.0,1,80.76923076923077,26
TGT,2024-08-20,2024-08-23,3,crowd_aggregate,up,79.03975895722802,1,1.0,1,79.03975895722802,26
TGT,2024-08-20,2024-08-29,7,crowd_aggregate,up,87.28948204639339,1,1.0,1,87.28948204639339,26
TGT,2024-08-20,2024-09-11,15,crowd_aggregate,up,94.3771085842809,1,1.0,1,94.3771085842809,26
TGT,2024-08-20,2024-10-02,30,crowd_aggregate,up,97.33727810650888,1,1.0,1,97.33727810650888,26
TGT,2024-11-19,2024-11-20,1,crowd_aggregate,up,100.0,1,-1.0,0,-100.0,26
TGT,2024-11-19,2024-11-22,3,crowd_aggregate,up,100.0,1,-1.0,0,-100.0,26
TGT,2024-11-19,2024-11-29,7,crowd_aggregate,up,100.0,1,-1.0,0,-100.0,26
TGT,2024-11-19,2024-12-11,15,crowd_aggregate,up,96.75894665766374,1,-1.0,0,-96.75894665766374,26
TGT,2024-11-19,2025-01-03,30,crowd_aggregate,up,94.06270364202447,1,-1.0,0,-94.06270364202447,26
TGT,2025-04-02,2025-04-03,1,crowd_aggregate,down,88.19163292847503,-1,-1.0,1,88.19163292847503,26
TGT,2025-04-02,2025-04-07,3,crowd_aggregate,down,87.73507767784137,-1,-1.0,1,87.73507767784137,26
TGT,2025-04-02,2025-04-11,7,crowd_aggregate,down,75.00383376782702,-1,-1.0,1,75.00383376782702,26
TGT,2025-04-02,2025-04-23,15,crowd_aggregate,down,69.33218687302953,-1,-1.0,1,69.33218687302953,26
TGT,2025-04-02,2025-05-14,30,crowd_aggregate,down,70.15915119363395,-1,-1.0,1,70.15915119363395,26
TGT,2025-04-08,2025-04-09,1,crowd_aggregate,down,100.0,-1,1.0,0,-100.0,26
TGT,2025-04-08,2025-04-11,3,crowd_aggregate,down,100.0,-1,1.0,0,-100.0,26
TGT,2025-04-08,2025-04-17,7,crowd_aggregate,down,100.0,-1,1.0,0,-100.0,26
TGT,2025-04-08,2025-04-29,15,crowd_aggregate,down,100.0,-1,1.0,0,-100.0,26
TGT,2025-04-08,2025-05-20,30,crowd_aggregate,down,96.63322335196283,-1,1.0,0,-96.63322335196283,26
TMUS,2025-04-24,2025-04-25,1,crowd_aggregate,down,100.0,-1,-1.0,1,100.0,26
TMUS,2025-04-24,2025-04-29,3,crowd_aggregate,down,88.65069356872635,-1,-1.0,1,88.65069356872635,26
TMUS,2025-04-24,2025-05-05,7,crowd_aggregate,up,100.0,1,-1.0,0,-100.0,26
TMUS,2025-04-24,2025-05-15,15,crowd_aggregate,up,100.0,1,-1.0,0,-100.0,26
TMUS,2025-04-24,2025-06-06,30,crowd_aggregate,up,100.0,1,-1.0,0,-100.0,26
TSLA,2024-01-24,2024-01-25,1,crowd_aggregate,down,100.0,-1,-1.0,1,100.0,26
TSLA,2024-01-24,2024-01-29,3,crowd_aggregate,down,96.42324888226528,-1,-1.0,1,96.42324888226528,26
TSLA,2024-01-24,2024-02-02,7,crowd_aggregate,down,66.08271865121179,-1,-1.0,1,66.08271865121179,26
TSLA,2024-01-24,2024-02-14,15,crowd_aggregate,up,67.62166405023548,1,-1.0,0,-67.62166405023548,26
TSLA,2024-01-24,2024-03-07,30,crowd_aggregate,up,72.12478075670258,1,-1.0,0,-72.12478075670258,26
TSLA,2024-04-23,2024-04-24,1,crowd_aggregate,up,100.0,1,1.0,1,100.0,26
TSLA,2024-04-23,2024-04-26,3,crowd_aggregate,up,100.0,1,1.0,1,100.0,26
TSLA,2024-04-23,2024-05-02,7,crowd_aggregate,up,86.58318425760287,1,1.0,1,86.58318425760287,26
TSLA,2024-04-23,2024-05-14,15,crowd_aggregate,up,87.65182186234817,1,1.0,1,87.65182186234817,26
TSLA,2024-04-23,2024-06-05,30,crowd_aggregate,up,94.91076881319128,1,1.0,1,94.91076881319128,26
TSLA,2024-07-01,2024-07-02,1,crowd_aggregate,up,100.0,1,1.0,1,100.0,26
TSLA,2024-07-01,2024-07-05,3,crowd_aggregate,up,100.0,1,1.0,1,100.0,26
TSLA,2024-07-01,2024-07-11,7,crowd_aggregate,up,100.0,1,1.0,1,100.0,26
TSLA,2024-07-01,2024-07-23,15,crowd_aggregate,up,97.39769696181119,1,1.0,1,97.39769696181119,26
TSLA,2024-07-01,2024-08-13,30,crowd_aggregate,up,97.54884795854052,1,-1.0,0,-97.54884795854052,26
TSLA,2024-07-23,2024-07-24,1,crowd_aggregate,down,100.0,-1,-1.0,1,100.0,26
TSLA,2024-07-23,2024-07-26,3,crowd_aggregate,down,92.84223083805547,-1,-1.0,1,92.84223083805547,26
TSLA,2024-07-23,2024-08-01,7,crowd_aggregate,up,53.30355970051228,1,-1.0,0,-53.30355970051228,26
TSLA,2024-07-23,2024-08-13,15,crowd_aggregate,up,92.97423887587823,1,-1.0,0,-92.97423887587823,26
TSLA,2024-07-23,2024-09-04,30,crowd_aggregate,up,100.0,1,-1.0,0,-100.0,26
TSLA,2024-10-23,2024-10-24,1,crowd_aggregate,up,100.0,1,1.0,1,100.0,26
TSLA,2024-10-23,2024-10-28,3,crowd_aggregate,up,100.0,1,1.0,1,100.0,26
TSLA,2024-10-23,2024-11-01,7,crowd_aggregate,up,100.0,1,1.0,1,100.0,26
TSLA,2024-10-23,2024-11-14,15,crowd_aggregate,up,100.0,1,1.0,1,100.0,26
TSLA,2024-10-23,2024-12-06,30,crowd_aggregate,up,100.0,1,1.0,1,100.0,26
TSLA,2024-11-05,2024-11-06,1,crowd_aggregate,up,100.0,1,1.0,1,100.0,26
TSLA,2024-11-05,2024-11-08,3,crowd_aggregate,up,70.07351506082883,1,1.0,1,70.07351506082883,26
TSLA,2024-11-05,2024-11-15,7,crowd_aggregate,down,92.60355029585799,-1,1.0,0,-92.60355029585799,26
TSLA,2024-11-05,2024-11-27,15,crowd_aggregate,down,92.78846153846155,-1,1.0,0,-92.78846153846155,26
TSLA,2024-11-05,2024-12-19,30,crowd_aggregate,down,96.26257135091058,-1,1.0,0,-96.26257135091058,26
TSLA,2025-04-08,2025-04-09,1,crowd_aggregate,down,100.0,-1,1.0,0,-100.0,26
TSLA,2025-04-08,2025-04-11,3,crowd_aggregate,down,96.59463810290384,-1,1.0,0,-96.59463810290384,26
TSLA,2025-04-08,2025-04-17,7,crowd_aggregate,up,63.57388316151202,1,1.0,1,63.57388316151202,26
TSLA,2025-04-08,2025-04-29,15,crowd_aggregate,up,96.02309172546504,1,1.0,1,96.02309172546504,26
TSLA,2025-04-08,2025-05-20,30,crowd_aggregate,up,100.0,1,1.0,1,100.0,26
TSLA,2025-06-04,2025-06-05,1,crowd_aggregate,down,85.32917660003669,-1,-1.0,1,85.32917660003669,26
TSLA,2025-06-04,2025-06-09,3,crowd_aggregate,down,88.68763902129012,-1,-1.0,1,88.68763902129012,26
TSLA,2025-06-04,2025-06-13,7,crowd_aggregate,up,96.4555004188954,1,-1.0,0,-96.4555004188954,26
TSLA,2025-06-04,2025-06-26,15,crowd_aggregate,up,90.32008260196179,1,-1.0,0,-90.32008260196179,26
TSLA,2025-06-04,2025-07-18,30,crowd_aggregate,up,75.58239292549331,1,-1.0,0,-75.58239292549331,26
TXN,2025-04-08,2025-04-09,1,crowd_aggregate,down,100.0,-1,1.0,0,-100.0,26
TXN,2025-04-08,2025-04-11,3,crowd_aggregate,down,100.0,-1,1.0,0,-100.0,26
TXN,2025-04-08,2025-04-17,7,crowd_aggregate,down,100.0,-1,1.0,0,-100.0,26
TXN,2025-04-08,2025-04-29,15,crowd_aggregate,down,100.0,-1,1.0,0,-100.0,26
TXN,2025-04-08,2025-05-20,30,crowd_aggregate,down,100.0,-1,1.0,0,-100.0,26
TXN,2025-07-22,2025-07-23,1,crowd_aggregate,down,100.0,-1,-1.0,1,100.0,26
TXN,2025-07-22,2025-07-25,3,crowd_aggregate,down,100.0,-1,-1.0,1,100.0,26
TXN,2025-07-22,2025-07-31,7,crowd_aggregate,down,85.02296897615003,-1,-1.0,1,85.02296897615003,26
TXN,2025-07-22,2025-08-12,15,crowd_aggregate,down,58.07142363749396,-1,-1.0,1,58.07142363749396,26
TXN,2025-07-22,2025-09-03,30,crowd_aggregate,up,64.79602402153655,1,-1.0,0,-64.79602402153655,26
UBER,2024-02-13,2024-02-14,1,crowd_aggregate,up,53.6862578253206,1,1.0,1,53.6862578253206,26
UBER,2024-02-13,2024-02-16,3,crowd_aggregate,down,52.551358515573234,-1,1.0,0,-52.551358515573234,26
UBER,2024-02-13,2024-02-23,7,crowd_aggregate,up,63.93355833498776,1,1.0,1,63.93355833498776,26
UBER,2024-02-13,2024-03-06,15,crowd_aggregate,up,86.60116123269317,1,1.0,1,86.60116123269317,26
UBER,2024-02-13,2024-03-27,30,crowd_aggregate,up,83.92380490172289,1,1.0,1,83.92380490172289,26
UBER,2024-08-05,2024-08-06,1,crowd_aggregate,up,89.32953939178374,1,1.0,1,89.32953939178374,26
UBER,2024-08-05,2024-08-08,3,crowd_aggregate,up,90.7839764069796,1,1.0,1,90.7839764069796,26
UBER,2024-08-05,2024-08-14,7,crowd_aggregate,up,97.46128458999746,1,1.0,1,97.46128458999746,26
UBER,2024-08-05,2024-08-26,15,crowd_aggregate,up,88.37904243309649,1,1.0,1,88.37904243309649,26
UBER,2024-08-05,2024-09-17,30,crowd_aggregate,up,88.02354229400493,1,1.0,1,88.02354229400493,26
UNH,2025-04-16,2025-04-17,1,crowd_aggregate,up,100.0,1,-1.0,0,-100.0,26
UNH,2025-04-16,2025-04-21,3,crowd_aggregate,up,100.0,1,-1.0,0,-100.0,26
UNH,2025-04-16,2025-04-25,7,crowd_aggregate,up,100.0,1,-1.0,0,-100.0,26
UNH,2025-04-16,2025-05-07,15,crowd_aggregate,up,100.0,1,-1.0,0,-100.0,26
UNH,2025-04-16,2025-05-29,30,crowd_aggregate,up,100.0,1,-1.0,0,-100.0,26
UNH,2025-05-12,2025-05-13,1,crowd_aggregate,down,100.0,-1,-1.0,1,100.0,26
UNH,2025-05-12,2025-05-15,3,crowd_aggregate,down,100.0,-1,-1.0,1,100.0,26
UNH,2025-05-12,2025-05-21,7,crowd_aggregate,down,100.0,-1,-1.0,1,100.0,26
UNH,2025-05-12,2025-06-03,15,crowd_aggregate,down,100.0,-1,-1.0,1,100.0,26
UNH,2025-05-12,2025-06-25,30,crowd_aggregate,down,97.07965247864496,-1,-1.0,1,97.07965247864496,26
UNH,2025-05-14,2025-05-15,1,crowd_aggregate,down,60.05917159763313,-1,-1.0,1,60.05917159763313,26
UNH,2025-05-14,2025-05-19,3,crowd_aggregate,down,57.33935809688351,-1,1.0,0,-57.33935809688351,26
UNH,2025-05-14,2025-05-23,7,crowd_aggregate,up,71.93754728660844,1,-1.0,0,-71.93754728660844,26
UNH,2025-05-14,2025-06-05,15,crowd_aggregate,up,96.32533072023519,1,-1.0,0,-96.32533072023519,26
UNH,2025-05-14,2025-06-27,30,crowd_aggregate,up,97.66477902971569,1,1.0,1,97.66477902971569,26
UPS,2025-01-29,2025-01-30,1,crowd_aggregate,down,92.88635959452249,-1,-1.0,1,92.88635959452249,26
UPS,2025-01-29,2025-02-03,3,crowd_aggregate,down,91.99211531353949,-1,-1.0,1,91.99211531353949,26
UPS,2025-01-29,2025-02-07,7,crowd_aggregate,down,83.48131323559778,-1,-1.0,1,83.48131323559778,26
UPS,2025-01-29,2025-02-20,15,crowd_aggregate,up,52.52647288749912,1,-1.0,0,-52.52647288749912,26
UPS,2025-01-29,2025-03-13,30,crowd_aggregate,up,56.6380402646769,1,-1.0,0,-56.6380402646769,26
WFC,2024-11-05,2024-11-06,1,crowd_aggregate,down,100.0,-1,1.0,0,-100.0,26
WFC,2024-11-05,2024-11-08,3,crowd_aggregate,down,100.0,-1,1.0,0,-100.0,26
WFC,2024-11-05,2024-11-15,7,crowd_aggregate,down,100.0,-1,1.0,0,-100.0,25
WFC,2024-11-05,2024-11-27,15,crowd_aggregate,down,73.84320660182729,-1,1.0,0,-73.84320660182729,26
WFC,2024-11-05,2024-12-19,30,crowd_aggregate,down,61.31310096153846,-1,1.0,0,-61.31310096153846,26
